{
  "criteria": {
    "requirement": {
      "trigger": "minecraft:entity_hurt_player",
      "conditions": {
        "player": [
          {
            "condition": "minecraft:entity_properties",
            "entity": "this",
            "predicate": {
              "equipment": {
                "offhand": {
                  "predicates": {
                    "minecraft:enchantments": [
                      {
                        "enchantments": "squidchant:parry",
                        "levels": 3
                      }
                    ]
                  }
                }
              }
            }
          }
        ],
        "damage": {
          "blocked": true
        }
      }
    }
  },
  "rewards": {
    "function": "squidchant:parry/hit3"
  },
  "sends_telemetry_event": false
}
