{
  "description": {
    "translate": "enchantment.minecraft.impaling"
  },
  "exclusive_set": "#minecraft:exclusive_set/damage",
  "supported_items": "#minecraft:enchantable/trident",
  "weight": 2,
  "max_level": 5,
  "min_cost": {
    "base": 1,
    "per_level_above_first": 8
  },
  "max_cost": {
    "base": 21,
    "per_level_above_first": 8
  },
  "anvil_cost": 4,
  "slots": [
    "mainhand"
  ],
  "effects": {
    "minecraft:damage": [
      {
        "effect": {
          "type": "minecraft:add",
          "value": {
            "type": "minecraft:linear",
            "base": 2,
            "per_level_above_first": 2
          }
        },
        "requirements": {
          "condition": "minecraft:any_of",
          "terms": [
            {
              "condition": "minecraft:entity_properties",
              "entity": "this",
              "predicate": {
                "type": "#minecraft:sensitive_to_impaling"
              }
            },
            {
              "condition": "minecraft:location_check",
              "predicate": {
                "fluid": {
                  "fluids": "#minecraft:water"
                }
              }
            },
            {
              "condition": "minecraft:location_check",
              "predicate": {
                "block": {
                  "blocks": "minecraft:water_cauldron"
                }
              }
            },
            {
              "condition": "minecraft:all_of",
              "terms": [
                {
                  "condition": "minecraft:location_check",
                  "predicate": {
                    "can_see_sky": true
                  }
                },
                {
                  "condition": "minecraft:weather_check",
                  "raining": true
                }
              ]
            },
            {
              "condition": "minecraft:all_of",
              "terms": [
                {
                  "condition": "minecraft:location_check",
                  "predicate": {
                    "can_see_sky": true
                  }
                },
                {
                  "condition": "minecraft:weather_check",
                  "thundering": true
                }
              ]
            }
          ]
        }
      }
    ]
  }
}
