{
  "description": {
    "translate": "enchantment.minecraft.loyalty",
    "fallback": "Loyalty"
  },
  "exclusive_set": "minecraft:riptide",
  "supported_items": [
    "minecraft:trident",
    "minecraft:wooden_axe",
    "minecraft:stone_axe",
    "minecraft:iron_axe",
    "minecraft:golden_axe",
    "minecraft:diamond_axe",
    "minecraft:netherite_axe"
  ],
  "primary_items": "minecraft:trident",
  "weight": 5,
  "max_level": 3,
  "min_cost": {
    "base": 12,
    "per_level_above_first": 7
  },
  "max_cost": {
    "base": 50,
    "per_level_above_first": 0
  },
  "anvil_cost": 2,
  "slots": [
    "mainhand"
  ],
  "effects": {
    "minecraft:trident_return_acceleration": [
      {
        "effect": {
          "type": "minecraft:add",
          "value": {
            "type": "minecraft:linear",
            "base": 1,
            "per_level_above_first": 1
          }
        }
      }
    ],
    "minecraft:tick": [
      {
        "effect": {
          "type": "minecraft:run_function",
          "function": "squidchant:axe/check_clickable"
        },
        "requirements": {
          "condition": "minecraft:entity_properties",
          "entity": "this",
          "predicate": {
            "equipment": {
              "mainhand": {
                "items": "#minecraft:axes"
              }
            }
          }
        }
      }
    ]
  }
}
