{
  "description": "Anti Gravity",
  "supported_items": [
    "minecraft:bow",
    "minecraft:crossbow"
  ],
  "primary_items": [
    "minecraft:bow",
    "minecraft:crossbow"
  ],
  "weight": 4,
  "max_level": 1,
  "min_cost": {
    "base": 25,
    "per_level_above_first": 8
  },
  "max_cost": {
    "base": 50,
    "per_level_above_first": 0
  },
  "anvil_cost": 8,
  "slots": [
    "mainhand"
  ],
  "effects": {
    "minecraft:projectile_spawned": [
      {
        "effect": {
          "type": "minecraft:run_function",
          "function": "squidchant:antigrav/configure_proj"
        }
      }
    ]
  }
}
