{
  "description": "Electrified",
  "exclusive_set": "minecraft:fire_aspect",
  "supported_items": "#squidchant:enchantable/swords_axes",
  "weight": 1,
  "max_level": 5,
  "min_cost": {
    "base": 0,
    "per_level_above_first": 0
  },
  "max_cost": {
    "base": 0,
    "per_level_above_first": 0
  },
  "anvil_cost": 20,
  "slots": [
    "mainhand"
  ],
  "effects": {
    "minecraft:post_attack": [
      {
        "enchanted": "attacker",
        "affected": "victim",
        "effect": {
          "type": "minecraft:run_function",
          "function": "squidchant:lightning/generic/circle"
        },
        "requirements": {
          "condition": "minecraft:random_chance",
          "chance": {
            "type": "minecraft:enchantment_level",
            "amount": {
              "type": "minecraft:linear",
              "base": 0.1,
              "per_level_above_first": 0.1
            }
          }
        }
      }
    ]
  }
}
