{
  "description": "Ender Slayer",
  "exclusive_set": "#minecraft:exclusive_set/damage",
  "supported_items": "#squidchant:enchantable/swords_axes",
  "primary_items": "#minecraft:swords",
  "weight": 7,
  "max_level": 5,
  "min_cost": {
    "base": 15,
    "per_level_above_first": 8
  },
  "max_cost": {
    "base": 50,
    "per_level_above_first": 10
  },
  "anvil_cost": 2,
  "slots": [
    "mainhand"
  ],
  "effects": {
    "minecraft:damage": [
      {
        "effect": {
          "type": "minecraft:add",
          "value": {
            "type": "minecraft:linear",
            "base": 2.5,
            "per_level_above_first": 2.5
          }
        },
        "requirements": {
          "condition": "minecraft:entity_properties",
          "entity": "this",
          "predicate": {
            "type": "#squidchant:ender"
          }
        }
      }
    ]
  }
}
