{
  "description": "Festivity",
  "exclusive_set": "#minecraft:exclusive_set/crossbow",
  "supported_items": [
    "minecraft:bow",
    "minecraft:crossbow"
  ],
  "primary_items": "minecraft:crossbow",
  "weight": 4,
  "max_level": 3,
  "min_cost": {
    "base": 21,
    "per_level_above_first": 8
  },
  "max_cost": {
    "base": 50,
    "per_level_above_first": 10
  },
  "anvil_cost": 5,
  "slots": [
    "mainhand"
  ],
  "effects": {
    "minecraft:projectile_spawned": [
      {
        "effect": {
          "type": "minecraft:run_function",
          "function": "squidchant:festivity/shoot"
        }
      }
    ]
  }
}
