{
  "description": "Homing",
  "exclusive_set": "squidchant:anti_gravity",
  "supported_items": [
    "minecraft:bow",
    "minecraft:crossbow"
  ],
  "weight": 1,
  "max_level": 1,
  "min_cost": {
    "base": 0,
    "per_level_above_first": 0
  },
  "max_cost": {
    "base": 0,
    "per_level_above_first": 0
  },
  "anvil_cost": 12,
  "slots": [
    "mainhand"
  ],
  "effects": {
    "minecraft:projectile_spawned": [
      {
        "effect": {
          "type": "minecraft:run_function",
          "function": "squidchant:homing/configure_proj"
        }
      }
    ],
    "minecraft:damage": [
      {
        "effect": {
          "type": "minecraft:add",
          "value": 3
        }
      }
    ]
  }
}
