{
  "description": "Parry",
  "exclusive_set": "squidchant:aegis",
  "supported_items": "minecraft:shield",
  "weight": 1,
  "max_level": 3,
  "min_cost": {
    "base": 0,
    "per_level_above_first": 0
  },
  "max_cost": {
    "base": 0,
    "per_level_above_first": 0
  },
  "anvil_cost": 4,
  "slots": [
    "offhand",
    "mainhand"
  ],
  "effects": {
    "minecraft:tick": [
      {
        "effect": {
          "type": "minecraft:all_of",
          "effects": [
            {
              "type": "minecraft:explode",
              "damage_type": "minecraft:player_explosion",
              "radius": 1.25,
              "block_interaction": "none",
              "small_particle": {
                "type": "minecraft:crit"
              },
              "large_particle": {
                "type": "minecraft:explosion"
              },
              "sound": "minecraft:block.anvil.place",
              "knockback_multiplier": 1.2,
              "attribute_to_user": true,
              "create_fire": false
            },
            {
              "type": "minecraft:run_function",
              "function": "squidchant:parry/end_parry"
            }
          ]
        },
        "requirements": {
          "condition": "minecraft:entity_properties",
          "entity": "this",
          "predicate": {
            "nbt": "{Tags:[\"parried\"]}"
          }
        }
      }
    ]
  }
}
