{
  "description": "Robber",
  "exclusive_set": "#minecraft:exclusive_set/damage",
  "supported_items": "#squidchant:enchantable/bladed_weaponry",
  "primary_items": "#minecraft:swords",
  "weight": 5,
  "max_level": 3,
  "min_cost": {
    "base": 30,
    "per_level_above_first": 10
  },
  "max_cost": {
    "base": 50,
    "per_level_above_first": 15
  },
  "anvil_cost": 4,
  "slots": [
    "mainhand"
  ],
  "effects": {
    "minecraft:post_attack": [
      {
        "enchanted": "attacker",
        "affected": "victim",
        "effect": {
          "type": "minecraft:run_function",
          "function": "squidchant:robber/disarm"
        },
        "requirements": {
          "condition": "minecraft:any_of",
          "terms": [
            {
              "condition": "minecraft:all_of",
              "terms": [
                {
                  "condition": "minecraft:random_chance",
                  "chance": {
                    "type": "minecraft:enchantment_level",
                    "amount": {
                      "type": "minecraft:linear",
                      "base": 0.1,
                      "per_level_above_first": 0.1
                    }
                  }
                },
                {
                  "condition": "minecraft:inverted",
                  "term": {
                    "condition": "minecraft:entity_properties",
                    "entity": "this",
                    "predicate": {
                      "type": "minecraft:player"
                    }
                  }
                }
              ]
            },
            {
              "condition": "minecraft:all_of",
              "terms": [
                {
                  "condition": "minecraft:random_chance",
                  "chance": {
                    "type": "minecraft:enchantment_level",
                    "amount": {
                      "type": "minecraft:linear",
                      "base": 0.02,
                      "per_level_above_first": 0.02
                    }
                  }
                },
                {
                  "condition": "minecraft:entity_properties",
                  "entity": "this",
                  "predicate": {
                    "type": "minecraft:player"
                  }
                }
              ]
            }
          ]
        }
      }
    ]
  }
}
