{
  "description": "Storm Caller",
  "supported_items": "#minecraft:enchantable/trident",
  "weight": 1,
  "max_level": 1,
  "min_cost": {
    "base": 0,
    "per_level_above_first": 0
  },
  "max_cost": {
    "base": 0,
    "per_level_above_first": 0
  },
  "anvil_cost": 0,
  "slots": [
    "mainhand"
  ],
  "effects": {
    "minecraft:tick": [
      {
        "effect": {
          "type": "minecraft:run_function",
          "function": "squidchant:storm/check_storm"
        },
        "requirements": {
          "condition": "minecraft:all_of",
          "terms": [
            {
              "condition": "minecraft:entity_scores",
              "entity": "this",
              "scores": {
                "squidChant.stormCoolDown": {
                  "max": 0
                }
              }
            },
            {
              "condition": "minecraft:location_check",
              "predicate": {
                "can_see_sky": true
              }
            },
            {
              "condition": "minecraft:entity_properties",
              "entity": "this",
              "predicate": {
                "flags": {
                  "is_sneaking": true
                }
              }
            }
          ]
        }
      }
    ]
  }
}
