{
  "description": "Swift Strike",
  "supported_items": "#squidchant:enchantable/bladed_weaponry",
  "primary_items": "#squidchant:enchantable/bladed_weaponry",
  "weight": 100,
  "max_level": 4,
  "min_cost": {
    "base": 5,
    "per_level_above_first": 9
  },
  "max_cost": {
    "base": 21,
    "per_level_above_first": 9
  },
  "anvil_cost": 3,
  "slots": [
    "mainhand"
  ],
  "effects": {
    "minecraft:attributes": [
      {
        "id": "attack_speed",
        "attribute": "minecraft:generic.attack_speed",
        "amount": {
          "type": "minecraft:linear",
          "base": 0.15,
          "per_level_above_first": 0.15
        },
        "operation": "add_value"
      }
    ]
  }
}
